Training loss,Validation loss,Accuracy,Precision,Recall,F1-score,CSI-score
0.22677381382811637,0.26570518740585874,0.8944574204123913,0.5443655432081074,0.6881415185626978,0.6025957665250676,0.4339865701060751
